CREATE DATABASE PersonelDB
go
--1) Tablolar ve sütunlarýn güncelleme iþlemleri yapýlacak (Tür güncelleme gibi int to varchar) +
--2) Tablolar ve sütunlarýn komutlarýyla silinmesi. +
--3) Tablolarýn foreign key lerini constraintle yapýlacak. +
--4) Çoka çok iliþkili bir tablo ekleyin(Foreign key ler constraintle eklenicek). +


USE PersonelDB

CREATE TABLE Personel

(
	ID INT PRIMARY KEY identity(1,1),
    Adi NVARCHAR(50),
    Soyadi NVARCHAR(50),
	Hatalýsütun int,
    DepartmanID INT,
    PozisyonID INT,
    CalismaDurumuID INT,
	IlID int,
	IlceID int
)


-- Departmanlar tablosu
CREATE TABLE Departmanlar (
    ID INT PRIMARY KEY identity(1,1),
    DepartmanAdi NVARCHAR(50)
)


-- Pozisyonlar tablosu
CREATE TABLE Pozisyonlar (
    ID INT PRIMARY KEY identity (1,1),
    PozisyonAdi NVARCHAR(50)
)

--Many to many tablo
CREATE TABLE Proje (
 ID int PRIMARY KEY,
 Adi nvarchar(50)
)

CREATE TABLE PersonelProje (
 PersonelID int not null,
 ProjeID int not null,
 constraint PK_PersonelProje Primary key (PersonelID,ProjeID)
)

--INSERT INTO Proje VALUES (1,'Bilgeadam')
--INSERT INTO Proje VALUES (2,'Bilmeyenadam')
--INSERT INTO PersonelProje VALUES (2,1)
--SELECT p.PersonelID,pr.Id
--FROM Personel p INNER JOIN PersonelProje pp on p.PersonelID = pp.Personelid
--				INNER JOIN Proje pr on pp.Projeid = pr.Id

--Hatalý Tablo

CREATE TABLE HataliTablo
(
ID int PRIMARY KEY
)

-- Çalýþma Durumlarý tablosu
CREATE TABLE CalismaDurumlari (
    ID INT PRIMARY KEY,
    Durum NVARCHAR(50)
)
 CREATE TABLE Il (
  ID int Primary KEY,
  name nvarchar(65) 
) 
CREATE TABLE Ilce (
  Id int PRIMARY KEY,
  Il_ID int NOT NULL,
  name nvarchar(80)
) 

--1)
--ALTER TABLE Personel ALTER COLUMN Hatalýsütun nvarchar(50) not null
--ALTER TABLE Personel DROP COLUMN Hatalýsütun
--DROP TABLE HataliTablo


ALTER TABLE PersonelProje ADD CONSTRAINT FK_PersonelProje_PersonelID foreign key (PersonelID) References Personel(ID)
ALTER TABLE PersonelProje ADD CONSTRAINT FK_PersonelProje_ProjeID foreign key (ProjeID) References Proje(ID)

 ALTER TABLE Personel ADD CONSTRAINT FK_Personel_CalismaDurumlari foreign key (CalismaDurumuID) References CalismaDurumlari(ID)
 ALTER TABLE Personel ADD CONSTRAINT FK_Personel_Pozisyonlar foreign key (PozisyonID) References Pozisyonlar(ID)
 ALTER TABLE Personel ADD CONSTRAINT FK_Personel_Departmanlar foreign key (DepartmanID) References Departmanlar(ID)
 ALTER TABLE Personel ADD CONSTRAINT FK_Personel_Il foreign key (IlID) References Il(ID)
 ALTER TABLE Personel ADD CONSTRAINT FK_Personel_Ilce foreign key (IlceID) References Ilce(ID)
 ALTER TABLE Ilce ADD CONSTRAINT FK_IlID_Ilce foreign key (Il_ID) References Il(ID)



INSERT INTO Il (ID, name) VALUES
(15, 'BURDUR'),
(26, 'ESKÝÞEHÝR'),
(18, 'ÇANKIRI'),
(80, 'OSMANÝYE'),
(41, 'KOCAELÝ'),
(27, 'GAZÝANTEP'),
(31, 'HATAY'),
(38, 'KAYSERÝ'),
(29, 'GÜMÜÞHANE'),
(54, 'SAKARYA'),
(16, 'BURSA'),
(69, 'BAYBURT'),
(17, 'ÇANAKKALE'),
(57, 'SÝNOP'),
(74, 'BARTIN'),
(503, 'MAÐUSA (KIBRIS)'),
(33, 'MERSÝN'),
(51, 'NÝÐDE'),
(42, 'KONYA'),
(60, 'TOKAT'),
(2, 'ADIYAMAN'),
(6, 'ANKARA'),
(66, 'YOZGAT'),
(52, 'ORDU'),
(53, 'RÝZE'),
(1, 'ADANA'),
(40, 'KIRÞEHÝR'),
(76, 'IÐDIR'),
(45, 'MANÝSA'),
(21, 'DÝYARBAKIR'),
(64, 'UÞAK'),
(501, 'LEFKOÞE (KIBRIS)'),
(5, 'AMASYA'),
(24, 'ERZÝNCAN'),
(32, 'ISPARTA'),
(502, 'GÝRNE (KIBRIS)'),
(23, 'ELAZIÐ'),
(78, 'KARABÜK'),
(30, 'HAKKARÝ'),
(36, 'KARS'),
(67, 'ZONGULDAK'),
(68, 'AKSARAY'),
(44, 'MALATYA'),
(10, 'BALIKESÝR'),
(20, 'DENÝZLÝ'),
(49, 'MUÞ'),
(73, 'ÞIRNAK'),
(48, 'MUÐLA'),
(59, 'TEKÝRDAÐ'),
(39, 'KIRKLARELÝ'),
(56, 'SÝÝRT'),
(28, 'GÝRESUN'),
(63, 'ÞANLIURFA'),
(9, 'AYDIN'),
(72, 'BATMAN'),
(13, 'BÝTLÝS'),
(3, 'AFYONKARAHÝSAR'),
(8, 'ARTVÝN'),
(4, 'AÐRI'),
(77, 'YALOVA'),
(50, 'NEVÞEHÝR'),
(61, 'TRABZON'),
(58, 'SÝVAS'),
(7, 'ANTALYA'),
(37, 'KASTAMONU'),
(47, 'MARDÝN'),
(46, 'KAHRAMANMARAÞ'),
(25, 'ERZURUM'),
(75, 'ARDAHAN'),
(81, 'DÜZCE'),
(55, 'SAMSUN'),
(19, 'ÇORUM'),
(65, 'VAN'),
(14, 'BOLU'),
(43, 'KÜTAHYA'),
(11, 'BÝLECÝK'),
(34, 'ÝSTANBUL'),
(79, 'KÝLÝS'),
(62, 'TUNCELÝ'),
(12, 'BÝNGÖL'),
(22, 'EDÝRNE'),
(71, 'KIRIKKALE'),
(70, 'KARAMAN'),
(35, 'ÝZMÝR')



INSERT INTO Ilce (ID, Il_ID, name) VALUES
(1757, 1, 'ALADAÐ'),
(1219, 1, 'CEYHAN'),
(2033, 1, 'ÇUKUROVA'),
(1329, 1, 'FEKE'),
(1806, 1, 'ÝMAMOÐLU'),
(1437, 1, 'KARAÝSALI'),
(1443, 1, 'KARATAÞ'),
(1486, 1, 'KOZAN'),
(1580, 1, 'POZANTI'),
(1588, 1, 'SAÝMBEYLÝ'),
(2032, 1, 'SARIÇAM'),
(1104, 1, 'SEYHAN'),
(1687, 1, 'TUFANBEYLÝ'),
(1734, 1, 'YUMURTALIK'),
(1748, 1, 'YÜREÐÝR'),
(1182, 2, 'BESNÝ'),
(1246, 2, 'ÇELÝKHAN'),
(1347, 2, 'GERGER'),
(1354, 2, 'GÖLBAÞI'),
(1425, 2, 'KAHTA'),
(1105, 2, 'MERKEZ'),
(1592, 2, 'SAMSAT'),
(1985, 2, 'SÝNCÝK'),
(1989, 2, 'TUT'),
(1771, 3, 'BAÞMAKÇI'),
(1773, 3, 'BAYAT'),
(1200, 3, 'BOLVADÝN'),
(1239, 3, 'ÇAY'),
(1906, 3, 'ÇOBANLAR'),
(1267, 3, 'DAZKIRI'),
(1281, 3, 'DÝNAR'),
(1306, 3, 'EMÝRDAÐ'),
(1923, 3, 'EVCÝLER'),
(1944, 3, 'HOCALAR'),
(1404, 3, 'ÝHSANÝYE'),
(1809, 3, 'ÝSCEHÝSAR'),
(1961, 3, 'KIZILÖREN'),
(1108, 3, 'MERKEZ'),
(1594, 3, 'SANDIKLI'),
(1626, 3, 'SÝNANPAÞA'),
(1639, 3, 'SULTANDAÐI'),
(1664, 3, 'ÞUHUT'),
(1283, 4, 'DÝYADÝN'),
(1287, 4, 'DOÐUBAYAZIT'),
(1301, 4, 'ELEÞKÝRT'),
(1379, 4, 'HAMUR'),
(1111, 4, 'MERKEZ'),
(1568, 4, 'PATNOS'),
(1667, 4, 'TAÞLIÇAY'),
(1691, 4, 'TUTAK'),
(1363, 5, 'GÖYNÜCEK'),
(1368, 5, 'GÜMÜÞHACIKÖY'),
(1938, 5, 'HAMAMÖZÜ'),
(1134, 5, 'MERKEZ'),
(1524, 5, 'MERZÝFON'),
(1641, 5, 'SULUOVA'),
(1668, 5, 'TAÞOVA'),
(1872, 6, 'AKYURT'),
(1130, 6, 'ALTINDAÐ'),
(1157, 6, 'AYAÞ'),
(1167, 6, 'BALA'),
(1187, 6, 'BEYPAZARI'),
(1227, 6, 'ÇAMLIDERE'),
(1231, 6, 'ÇANKAYA'),
(1260, 6, 'ÇUBUK'),
(1302, 6, 'ELMADAÐ'),
(1922, 6, 'ETÝMESGUT'),
(1924, 6, 'EVREN'),
(1744, 6, 'GÖLBAÞI'),
(1365, 6, 'GÜDÜL'),
(1387, 6, 'HAYMANA'),
(1815, 6, 'KAHRAMANKAZAN'),
(1427, 6, 'KALECÝK'),
(1745, 6, 'KEÇÝÖREN'),
(1473, 6, 'KIZILCAHAMAM'),
(1746, 6, 'MAMAK'),
(1539, 6, 'NALLIHAN'),
(1578, 6, 'POLATLI'),
(2034, 6, 'PURSAKLAR'),
(1747, 6, 'SÝNCAN'),
(1658, 6, 'ÞEREFLÝKOÇHÝSAR'),
(1723, 6, 'YENÝMAHALLE'),
(1121, 7, 'AKSEKÝ'),
(2035, 7, 'AKSU'),
(1126, 7, 'ALANYA'),
(1811, 7, 'DEMRE'),
(2036, 7, 'DÖÞEMEALTI'),
(1303, 7, 'ELMALI'),
(1333, 7, 'FÝNÝKE'),
(1337, 7, 'GAZÝPAÞA'),
(1370, 7, 'GÜNDOÐMUÞ'),
(1946, 7, 'ÝBRADI'),
(1451, 7, 'KAÞ'),
(1959, 7, 'KEMER'),
(2037, 7, 'KEPEZ'),
(2038, 7, 'KONYAALTI'),
(1483, 7, 'KORKUTELÝ'),
(1492, 7, 'KUMLUCA'),
(1512, 7, 'MANAVGAT'),
(2039, 7, 'MURATPAÞA'),
(1616, 7, 'SERÝK'),
(1145, 8, 'ARDANUÇ'),
(1147, 8, 'ARHAVÝ'),
(1202, 8, 'BORÇKA'),
(1395, 8, 'HOPA'),
(2105, 8, 'KEMALPAÞA'),
(1152, 8, 'MERKEZ'),
(1828, 8, 'MURGUL'),
(1653, 8, 'ÞAVÞAT'),
(1736, 8, 'YUSUFELÝ'),
(1206, 9, 'BOZDOÐAN'),
(1781, 9, 'BUHARKENT'),
(1256, 9, 'ÇÝNE'),
(2000, 9, 'DÝDÝM'),
(2076, 9, 'EFELER'),
(1348, 9, 'GERMENCÝK'),
(1807, 9, 'ÝNCÝRLÝOVA'),
(1435, 9, 'KARACASU'),
(1957, 9, 'KARPUZLU'),
(1479, 9, 'KOÇARLI'),
(1968, 9, 'KÖÞK'),
(1497, 9, 'KUÞADASI'),
(1498, 9, 'KUYUCAK'),
(1542, 9, 'NAZÝLLÝ'),
(1637, 9, 'SÖKE'),
(1640, 9, 'SULTANHÝSAR'),
(1724, 9, 'YENÝPAZAR'),
(2077, 10, 'ALTIEYLÜL'),
(1161, 10, 'AYVALIK'),
(1169, 10, 'BALYA'),
(1171, 10, 'BANDIRMA'),
(1191, 10, 'BÝGADÝÇ'),
(1216, 10, 'BURHANÝYE'),
(1291, 10, 'DURSUNBEY'),
(1294, 10, 'EDREMÝT'),
(1310, 10, 'ERDEK'),
(1928, 10, 'GÖMEÇ'),
(1360, 10, 'GÖNEN'),
(1384, 10, 'HAVRAN'),
(1418, 10, 'ÝVRÝNDÝ'),
(2078, 10, 'KARESÝ'),
(1462, 10, 'KEPSUT'),
(1514, 10, 'MANYAS'),
(1824, 10, 'MARMARA'),
(1608, 10, 'SAVAÞTEPE'),
(1619, 10, 'SINDIRGI'),
(1644, 10, 'SUSURLUK'),
(1210, 11, 'BOZÜYÜK'),
(1359, 11, 'GÖLPAZARI'),
(1948, 11, 'ÝNHÝSAR'),
(1192, 11, 'MERKEZ'),
(1559, 11, 'OSMANELÝ'),
(1571, 11, 'PAZARYERÝ'),
(1636, 11, 'SÖÐÜT'),
(1857, 11, 'YENÝPAZAR'),
(1750, 12, 'ADAKLI'),
(1344, 12, 'GENÇ'),
(1446, 12, 'KARLIOVA'),
(1475, 12, 'KÝÐI'),
(1193, 12, 'MERKEZ'),
(1633, 12, 'SOLHAN'),
(1855, 12, 'YAYLADERE'),
(1996, 12, 'YEDÝSU'),
(1106, 13, 'ADÝLCEVAZ'),
(1112, 13, 'AHLAT'),
(1798, 13, 'GÜROYMAK'),
(1394, 13, 'HÝZAN'),
(1196, 13, 'MERKEZ'),
(1537, 13, 'MUTKÝ'),
(1669, 13, 'TATVAN'),
(1916, 14, 'DÖRTDÝVAN'),
(1346, 14, 'GEREDE'),
(1364, 14, 'GÖYNÜK'),
(1466, 14, 'KIBRISCIK'),
(1522, 14, 'MENGEN'),
(1199, 14, 'MERKEZ'),
(1531, 14, 'MUDURNU'),
(1610, 14, 'SEBEN'),
(1997, 14, 'YENÝÇAÐA'),
(1109, 15, 'AÐLASUN'),
(1874, 15, 'ALTINYAYLA'),
(1211, 15, 'BUCAK'),
(1899, 15, 'ÇAVDIR'),
(1903, 15, 'ÇELTÝKÇÝ'),
(1357, 15, 'GÖLHÝSAR'),
(1813, 15, 'KARAMANLI'),
(1816, 15, 'KEMER'),
(1215, 15, 'MERKEZ'),
(1672, 15, 'TEFENNÝ'),
(1728, 15, 'YEÞÝLOVA'),
(1783, 16, 'BÜYÜKORHAN'),
(1343, 16, 'GEMLÝK'),
(1935, 16, 'GÜRSU'),
(1799, 16, 'HARMANCIK'),
(1411, 16, 'ÝNEGÖL'),
(1420, 16, 'ÝZNÝK'),
(1434, 16, 'KARACABEY'),
(1457, 16, 'KELES'),
(1960, 16, 'KESTEL'),
(1530, 16, 'MUDANYA'),
(1535, 16, 'MUSTAFAKEMALPAÞA'),
(1829, 16, 'NÝLÜFER'),
(1553, 16, 'ORHANELÝ'),
(1554, 16, 'ORHANGAZÝ'),
(1832, 16, 'OSMANGAZÝ'),
(1725, 16, 'YENÝÞEHÝR'),
(1859, 16, 'YILDIRIM'),
(1160, 17, 'AYVACIK'),
(1180, 17, 'BAYRAMÝÇ'),
(1190, 17, 'BÝGA'),
(1205, 17, 'BOZCAADA'),
(1229, 17, 'ÇAN'),
(1293, 17, 'ECEABAT'),
(1326, 17, 'EZÝNE'),
(1340, 17, 'GELÝBOLU'),
(1408, 17, 'GÖKÇEADA'),
(1503, 17, 'LAPSEKÝ'),
(1230, 17, 'MERKEZ'),
(1722, 17, 'YENÝCE'),
(1765, 18, 'ATKARACALAR'),
(1885, 18, 'BAYRAMÖREN'),
(1248, 18, 'ÇERKEÞ'),
(1300, 18, 'ELDÝVAN'),
(1399, 18, 'ILGAZ'),
(1817, 18, 'KIZILIRMAK'),
(1963, 18, 'KORGUN'),
(1494, 18, 'KURÞUNLU'),
(1232, 18, 'MERKEZ'),
(1555, 18, 'ORTA'),
(1649, 18, 'ÞABANÖZÜ'),
(1718, 18, 'YAPRAKLI'),
(1124, 19, 'ALACA'),
(1177, 19, 'BAYAT'),
(1778, 19, 'BOÐAZKALE'),
(1911, 19, 'DODURGA'),
(1414, 19, 'ÝSKÝLÝP'),
(1445, 19, 'KARGI'),
(1972, 19, 'LAÇÝN'),
(1520, 19, 'MECÝTÖZÜ'),
(1259, 19, 'MERKEZ'),
(1976, 19, 'OÐUZLAR'),
(1556, 19, 'ORTAKÖY'),
(1558, 19, 'OSMANCIK'),
(1642, 19, 'SUNGURLU'),
(1850, 19, 'UÐURLUDAÐ'),
(1102, 20, 'ACIPAYAM'),
(1769, 20, 'BABADAÐ'),
(1881, 20, 'BAKLAN'),
(1774, 20, 'BEKÝLLÝ'),
(1888, 20, 'BEYAÐAÇ'),
(1889, 20, 'BOZKURT'),
(1214, 20, 'BULDAN'),
(1224, 20, 'ÇAL'),
(1226, 20, 'ÇAMELÝ'),
(1233, 20, 'ÇARDAK'),
(1257, 20, 'ÇÝVRÝL'),
(1371, 20, 'GÜNEY'),
(1803, 20, 'HONAZ'),
(1426, 20, 'KALE'),
(2079, 20, 'MERKEZEFENDÝ'),
(1871, 20, 'PAMUKKALE'),
(1597, 20, 'SARAYKÖY'),
(1840, 20, 'SERÝNHÝSAR'),
(1670, 20, 'TAVAS'),
(2040, 21, 'BAÐLAR'),
(1195, 21, 'BÝSMÝL'),
(1249, 21, 'ÇERMÝK'),
(1253, 21, 'ÇINAR'),
(1263, 21, 'ÇÜNGÜÞ'),
(1278, 21, 'DÝCLE'),
(1791, 21, 'EÐÝL'),
(1315, 21, 'ERGANÝ'),
(1381, 21, 'HANÝ'),
(1389, 21, 'HAZRO'),
(2041, 21, 'KAYAPINAR'),
(1962, 21, 'KOCAKÖY'),
(1490, 21, 'KULP'),
(1504, 21, 'LÝCE'),
(1624, 21, 'SÝLVAN'),
(2042, 21, 'SUR'),
(2043, 21, 'YENÝÞEHÝR'),
(1307, 22, 'ENEZ'),
(1385, 22, 'HAVSA'),
(1412, 22, 'ÝPSALA'),
(1464, 22, 'KEÞAN'),
(1502, 22, 'LALAPAÞA'),
(1523, 22, 'MERÝÇ'),
(1295, 22, 'MERKEZ'),
(1988, 22, 'SÜLOÐLU'),
(1705, 22, 'UZUNKÖPRÜ'),
(1110, 23, 'AÐIN'),
(1873, 23, 'ALACAKAYA'),
(1762, 23, 'ARICAK'),
(1173, 23, 'BASKÝL'),
(1438, 23, 'KARAKOÇAN'),
(1455, 23, 'KEBAN'),
(1820, 23, 'KOVANCILAR'),
(1506, 23, 'MADEN'),
(1298, 23, 'MERKEZ'),
(1566, 23, 'PALU'),
(1631, 23, 'SÝVRÝCE'),
(1243, 24, 'ÇAYIRLI'),
(1406, 24, 'ÝLÝÇ'),
(1459, 24, 'KEMAH'),
(1460, 24, 'KEMALÝYE'),
(1318, 24, 'MERKEZ'),
(1977, 24, 'OTLUKBELÝ'),
(1583, 24, 'REFAHÝYE'),
(1675, 24, 'TERCAN'),
(1853, 24, 'ÜZÜMLÜ'),
(1153, 25, 'AÞKALE'),
(1945, 25, 'AZÝZÝYE'),
(1235, 25, 'ÇAT'),
(1392, 25, 'HINIS'),
(1396, 25, 'HORASAN'),
(1416, 25, 'ÝSPÝR'),
(1812, 25, 'KARAÇOBAN'),
(1444, 25, 'KARAYAZI'),
(1967, 25, 'KÖPRÜKÖY'),
(1540, 25, 'NARMAN'),
(1550, 25, 'OLTU'),
(1551, 25, 'OLUR'),
(2044, 25, 'PALANDÖKEN'),
(1567, 25, 'PASÝNLER'),
(1865, 25, 'PAZARYOLU'),
(1657, 25, 'ÞENKAYA'),
(1674, 25, 'TEKMAN'),
(1683, 25, 'TORTUM'),
(1851, 25, 'UZUNDERE'),
(2045, 25, 'YAKUTÝYE'),
(1759, 26, 'ALPU'),
(1777, 26, 'BEYLÝKOVA'),
(1255, 26, 'ÇÝFTELER'),
(1934, 26, 'GÜNYÜZÜ'),
(1939, 26, 'HAN'),
(1808, 26, 'ÝNÖNÜ'),
(1508, 26, 'MAHMUDÝYE'),
(1973, 26, 'MÝHALGAZÝ'),
(1527, 26, 'MÝHALIÇÇIK'),
(2046, 26, 'ODUNPAZARI'),
(1599, 26, 'SARICAKAYA'),
(1618, 26, 'SEYÝTGAZÝ'),
(1632, 26, 'SÝVRÝHÝSAR'),
(2047, 26, 'TEPEBAÞI'),
(1139, 27, 'ARABAN'),
(1415, 27, 'ÝSLAHÝYE'),
(1956, 27, 'KARKAMIÞ'),
(1546, 27, 'NÝZÝP'),
(1974, 27, 'NURDAÐI'),
(1549, 27, 'OÐUZELÝ'),
(1841, 27, 'ÞAHÝNBEY'),
(1844, 27, 'ÞEHÝTKAMÝL'),
(1720, 27, 'YAVUZELÝ'),
(1133, 28, 'ALUCRA'),
(1212, 28, 'BULANCAK'),
(1893, 28, 'ÇAMOLUK'),
(1894, 28, 'ÇANAKÇI'),
(1272, 28, 'DERELÝ'),
(1912, 28, 'DOÐANKENT'),
(1320, 28, 'ESPÝYE'),
(1324, 28, 'EYNESÝL'),
(1361, 28, 'GÖRELE'),
(1930, 28, 'GÜCE'),
(1465, 28, 'KEÞAP'),
(1352, 28, 'MERKEZ'),
(1837, 28, 'PÝRAZÝZ'),
(1654, 28, 'ÞEBÝNKARAHÝSAR'),
(1678, 28, 'TÝREBOLU'),
(1854, 28, 'YAÐLIDERE'),
(1458, 29, 'KELKÝT'),
(1822, 29, 'KÖSE'),
(1971, 29, 'KÜRTÜN'),
(1369, 29, 'MERKEZ'),
(1660, 29, 'ÞÝRAN'),
(1684, 29, 'TORUL'),
(1261, 30, 'ÇUKURCA'),
(2107, 30, 'DERECÝK'),
(1377, 30, 'MERKEZ'),
(1656, 30, 'ÞEMDÝNLÝ'),
(1737, 30, 'YÜKSEKOVA'),
(1131, 31, 'ALTINÖZÜ'),
(2080, 31, 'ANTAKYA'),
(2081, 31, 'ARSUZ'),
(1887, 31, 'BELEN'),
(2082, 31, 'DEFNE'),
(1289, 31, 'DÖRTYOL'),
(1792, 31, 'ERZÝN'),
(1382, 31, 'HASSA'),
(1413, 31, 'ÝSKENDERUN'),
(1468, 31, 'KIRIKHAN'),
(1970, 31, 'KUMLU'),
(2083, 31, 'PAYAS'),
(1585, 31, 'REYHANLI'),
(1591, 31, 'SAMANDAÐ'),
(1721, 31, 'YAYLADAÐI'),
(1755, 32, 'AKSU'),
(1154, 32, 'ATABEY'),
(1297, 32, 'EÐÝRDÝR'),
(1341, 32, 'GELENDOST'),
(1929, 32, 'GÖNEN'),
(1456, 32, 'KEÇÝBORLU'),
(1401, 32, 'MERKEZ'),
(1615, 32, 'SENÝRKENT'),
(1648, 32, 'SÜTÇÜLER'),
(1651, 32, 'ÞARKÝKARAAÐAÇ'),
(1699, 32, 'ULUBORLU'),
(1717, 32, 'YALVAÇ'),
(2001, 32, 'YENÝÞARBADEMLÝ'),
(2064, 33, 'AKDENÝZ'),
(1135, 33, 'ANAMUR'),
(1766, 33, 'AYDINCIK'),
(1779, 33, 'BOZYAZI'),
(1892, 33, 'ÇAMLIYAYLA'),
(1311, 33, 'ERDEMLÝ'),
(1366, 33, 'GÜLNAR'),
(2065, 33, 'MEZÝTLÝ'),
(1536, 33, 'MUT'),
(1621, 33, 'SÝLÝFKE'),
(1665, 33, 'TARSUS'),
(2066, 33, 'TOROSLAR'),
(2067, 33, 'YENÝÞEHÝR'),
(1103, 34, 'ADALAR'),
(2048, 34, 'ARNAVUTKÖY'),
(2049, 34, 'ATAÞEHÝR'),
(2003, 34, 'AVCILAR'),
(2004, 34, 'BAÐCILAR'),
(2005, 34, 'BAHÇELÝEVLER'),
(1166, 34, 'BAKIRKÖY'),
(2050, 34, 'BAÞAKÞEHÝR'),
(1886, 34, 'BAYRAMPAÞA'),
(1183, 34, 'BEÞÝKTAÞ'),
(1185, 34, 'BEYKOZ'),
(2051, 34, 'BEYLÝKDÜZÜ'),
(1186, 34, 'BEYOÐLU'),
(1782, 34, 'BÜYÜKÇEKMECE'),
(1237, 34, 'ÇATALCA'),
(2052, 34, 'ÇEKMEKÖY'),
(2016, 34, 'ESENLER'),
(2053, 34, 'ESENYURT'),
(1325, 34, 'EYÜPSULTAN'),
(1327, 34, 'FATÝH'),
(1336, 34, 'GAZÝOSMANPAÞA'),
(2010, 34, 'GÜNGÖREN'),
(1421, 34, 'KADIKÖY'),
(1810, 34, 'KAÐITHANE'),
(1449, 34, 'KARTAL'),
(1823, 34, 'KÜÇÜKÇEKMECE'),
(2012, 34, 'MALTEPE'),
(1835, 34, 'PENDÝK'),
(2054, 34, 'SANCAKTEPE'),
(1604, 34, 'SARIYER'),
(1622, 34, 'SÝLÝVRÝ'),
(2014, 34, 'SULTANBEYLÝ'),
(2055, 34, 'SULTANGAZÝ'),
(1659, 34, 'ÞÝLE'),
(1663, 34, 'ÞÝÞLÝ'),
(2015, 34, 'TUZLA'),
(1852, 34, 'ÜMRANÝYE'),
(1708, 34, 'ÜSKÜDAR'),
(1739, 34, 'ZEYTÝNBURNU'),
(1128, 35, 'ALÝAÐA'),
(2006, 35, 'BALÇOVA'),
(1178, 35, 'BAYINDIR'),
(2056, 35, 'BAYRAKLI'),
(1181, 35, 'BERGAMA'),
(1776, 35, 'BEYDAÐ'),
(1203, 35, 'BORNOVA'),
(1780, 35, 'BUCA'),
(1251, 35, 'ÇEÞME'),
(2007, 35, 'ÇÝÐLÝ'),
(1280, 35, 'DÝKÝLÝ'),
(1334, 35, 'FOÇA'),
(2009, 35, 'GAZÝEMÝR'),
(2018, 35, 'GÜZELBAHÇE'),
(2057, 35, 'KARABAÐLAR'),
(1432, 35, 'KARABURUN'),
(1448, 35, 'KARÞIYAKA'),
(1461, 35, 'KEMALPAÞA'),
(1467, 35, 'KINIK'),
(1477, 35, 'KÝRAZ'),
(1819, 35, 'KONAK'),
(1826, 35, 'MENDERES'),
(1521, 35, 'MENEMEN'),
(2013, 35, 'NARLIDERE'),
(1563, 35, 'ÖDEMÝÞ'),
(1611, 35, 'SEFERÝHÝSAR'),
(1612, 35, 'SELÇUK'),
(1677, 35, 'TÝRE'),
(1682, 35, 'TORBALI'),
(1703, 35, 'URLA'),
(1756, 36, 'AKYAKA'),
(1149, 36, 'ARPAÇAY'),
(1279, 36, 'DÝGOR'),
(1424, 36, 'KAÐIZMAN'),
(1447, 36, 'MERKEZ'),
(1601, 36, 'SARIKAMIÞ'),
(1614, 36, 'SELÝM'),
(1645, 36, 'SUSUZ'),
(1101, 37, 'ABANA'),
(1867, 37, 'AÐLI'),
(1140, 37, 'ARAÇ'),
(1162, 37, 'AZDAVAY'),
(1208, 37, 'BOZKURT'),
(1221, 37, 'CÝDE'),
(1238, 37, 'ÇATALZEYTÝN'),
(1264, 37, 'DADAY'),
(1277, 37, 'DEVREKANÝ'),
(1915, 37, 'DOÐANYURT'),
(1940, 37, 'HANÖNÜ'),
(1805, 37, 'ÝHSANGAZÝ'),
(1410, 37, 'ÝNEBOLU'),
(1499, 37, 'KÜRE'),
(1450, 37, 'MERKEZ'),
(1836, 37, 'PINARBAÞI'),
(1984, 37, 'SEYDÝLER'),
(1845, 37, 'ÞENPAZAR'),
(1666, 37, 'TAÞKÖPRÜ'),
(1685, 37, 'TOSYA'),
(1752, 38, 'AKKIÞLA'),
(1218, 38, 'BÜNYAN'),
(1275, 38, 'DEVELÝ'),
(1330, 38, 'FELAHÝYE'),
(1936, 38, 'HACILAR'),
(1409, 38, 'ÝNCESU'),
(1863, 38, 'KOCASÝNAN'),
(1864, 38, 'MELÝKGAZÝ'),
(1978, 38, 'ÖZVATAN'),
(1576, 38, 'PINARBAÞI'),
(1603, 38, 'SARIOÐLAN'),
(1605, 38, 'SARIZ'),
(1846, 38, 'TALAS'),
(1680, 38, 'TOMARZA'),
(1715, 38, 'YAHYALI'),
(1727, 38, 'YEÞÝLHÝSAR'),
(1163, 39, 'BABAESKÝ'),
(1270, 39, 'DEMÝRKÖY'),
(1480, 39, 'KOFÇAZ'),
(1505, 39, 'LÜLEBURGAZ'),
(1471, 39, 'MERKEZ'),
(1572, 39, 'PEHLÝVANKÖY'),
(1577, 39, 'PINARHÝSAR'),
(1714, 39, 'VÝZE'),
(1869, 40, 'AKÇAKENT'),
(1754, 40, 'AKPINAR'),
(1890, 40, 'BOZTEPE'),
(1254, 40, 'ÇÝÇEKDAÐI'),
(1429, 40, 'KAMAN'),
(1472, 40, 'MERKEZ'),
(1529, 40, 'MUCUR'),
(2058, 41, 'BAÞÝSKELE'),
(2059, 41, 'ÇAYIROVA'),
(2060, 41, 'DARICA'),
(2030, 41, 'DERÝNCE'),
(2061, 41, 'DÝLOVASI'),
(1338, 41, 'GEBZE'),
(1355, 41, 'GÖLCÜK'),
(2062, 41, 'ÝZMÝT'),
(1430, 41, 'KANDIRA'),
(1440, 41, 'KARAMÜRSEL'),
(2063, 41, 'KARTEPE'),
(1821, 41, 'KÖRFEZ'),
(1868, 42, 'AHIRLI'),
(1753, 42, 'AKÖREN'),
(1122, 42, 'AKÞEHÝR'),
(1760, 42, 'ALTINEKÝN'),
(1188, 42, 'BEYÞEHÝR'),
(1207, 42, 'BOZKIR'),
(1222, 42, 'CÝHANBEYLÝ'),
(1902, 42, 'ÇELTÝK'),
(1262, 42, 'ÇUMRA'),
(1907, 42, 'DERBENT'),
(1789, 42, 'DEREBUCAK'),
(1285, 42, 'DOÐANHÝSAR'),
(1920, 42, 'EMÝRGAZÝ'),
(1312, 42, 'EREÐLÝ'),
(1933, 42, 'GÜNEYSINIR'),
(1375, 42, 'HADÝM'),
(1937, 42, 'HALKAPINAR'),
(1804, 42, 'HÜYÜK'),
(1400, 42, 'ILGIN'),
(1422, 42, 'KADINHANI'),
(1441, 42, 'KARAPINAR'),
(1814, 42, 'KARATAY'),
(1491, 42, 'KULU'),
(1827, 42, 'MERAM'),
(1598, 42, 'SARAYÖNÜ'),
(1839, 42, 'SELÇUKLU'),
(1617, 42, 'SEYDÝÞEHÝR'),
(1848, 42, 'TAÞKENT'),
(1990, 42, 'TUZLUKÇU'),
(1994, 42, 'YALIHÜYÜK'),
(1735, 42, 'YUNAK'),
(1132, 43, 'ALTINTAÞ'),
(1764, 43, 'ASLANAPA'),
(1898, 43, 'ÇAVDARHÝSAR'),
(1288, 43, 'DOMANÝÇ'),
(1790, 43, 'DUMLUPINAR'),
(1304, 43, 'EMET'),
(1339, 43, 'GEDÝZ'),
(1802, 43, 'HÝSARCIK'),
(1500, 43, 'MERKEZ'),
(1979, 43, 'PAZARLAR'),
(1625, 43, 'SÝMAV'),
(1843, 43, 'ÞAPHANE'),
(1671, 43, 'TAVÞANLI'),
(1114, 44, 'AKÇADAÐ'),
(1143, 44, 'ARAPGÝR'),
(1148, 44, 'ARGUVAN'),
(1772, 44, 'BATTALGAZÝ'),
(1265, 44, 'DARENDE'),
(1286, 44, 'DOÐANÞEHÝR'),
(1914, 44, 'DOÐANYOL'),
(1390, 44, 'HEKÝMHAN'),
(1953, 44, 'KALE'),
(1969, 44, 'KULUNCAK'),
(1582, 44, 'PÜTÜRGE'),
(1995, 44, 'YAZIHAN'),
(1729, 44, 'YEÞÝLYURT'),
(1751, 45, 'AHMETLÝ'),
(1118, 45, 'AKHÝSAR'),
(1127, 45, 'ALAÞEHÝR'),
(1269, 45, 'DEMÝRCÝ'),
(1793, 45, 'GÖLMARMARA'),
(1362, 45, 'GÖRDES'),
(1470, 45, 'KIRKAÐAÇ'),
(1965, 45, 'KÖPRÜBAÞI'),
(1489, 45, 'KULA'),
(1590, 45, 'SALÝHLÝ'),
(1600, 45, 'SARIGÖL'),
(1606, 45, 'SARUHANLI'),
(1613, 45, 'SELENDÝ'),
(1634, 45, 'SOMA'),
(2086, 45, 'ÞEHZADELER'),
(1689, 45, 'TURGUTLU'),
(2087, 45, 'YUNUSEMRE'),
(1107, 46, 'AFÞÝN'),
(1136, 46, 'ANDIRIN'),
(1785, 46, 'ÇAÐLAYANCERÝT'),
(2084, 46, 'DULKADÝROÐLU'),
(1919, 46, 'EKÝNÖZÜ'),
(1299, 46, 'ELBÝSTAN'),
(1353, 46, 'GÖKSUN'),
(1975, 46, 'NURHAK'),
(2085, 46, 'ONÝKÝÞUBAT'),
(1570, 46, 'PAZARCIK'),
(1694, 46, 'TÜRKOÐLU'),
(2088, 47, 'ARTUKLU'),
(1787, 47, 'DARGEÇÝT'),
(1273, 47, 'DERÝK'),
(1474, 47, 'KIZILTEPE'),
(1519, 47, 'MAZIDAÐI'),
(1526, 47, 'MÝDYAT'),
(1547, 47, 'NUSAYBÝN'),
(1564, 47, 'ÖMERLÝ'),
(1609, 47, 'SAVUR'),
(2002, 47, 'YEÞÝLLÝ'),
(1197, 48, 'BODRUM'),
(1742, 48, 'DALAMAN'),
(1266, 48, 'DATÇA'),
(1331, 48, 'FETHÝYE'),
(1958, 48, 'KAVAKLIDERE'),
(1488, 48, 'KÖYCEÐÝZ'),
(1517, 48, 'MARMARÝS'),
(2089, 48, 'MENTEÞE'),
(1528, 48, 'MÝLAS'),
(1831, 48, 'ORTACA'),
(2090, 48, 'SEYDÝKEMER'),
(1695, 48, 'ULA'),
(1719, 48, 'YATAÐAN'),
(1213, 49, 'BULANIK'),
(1801, 49, 'HASKÖY'),
(1964, 49, 'KORKUT'),
(1510, 49, 'MALAZGÝRT'),
(1534, 49, 'MERKEZ'),
(1711, 49, 'VARTO'),
(1749, 50, 'ACIGÖL'),
(1155, 50, 'AVANOS'),
(1274, 50, 'DERÝNKUYU'),
(1367, 50, 'GÜLÞEHÝR'),
(1374, 50, 'HACIBEKTAÞ'),
(1485, 50, 'KOZAKLI'),
(1543, 50, 'MERKEZ'),
(1707, 50, 'ÜRGÜP'),
(1876, 51, 'ALTUNHÝSAR'),
(1201, 51, 'BOR'),
(1225, 51, 'ÇAMARDI'),
(1904, 51, 'ÇÝFTLÝK'),
(1544, 51, 'MERKEZ'),
(1700, 51, 'ULUKIÞLA'),
(1119, 52, 'AKKUÞ'),
(2103, 52, 'ALTINORDU'),
(1158, 52, 'AYBASTI'),
(1891, 52, 'ÇAMAÞ'),
(1897, 52, 'ÇATALPINAR'),
(1900, 52, 'ÇAYBAÞI'),
(1328, 52, 'FATSA'),
(1358, 52, 'GÖLKÖY'),
(1795, 52, 'GÜLYALI'),
(1797, 52, 'GÜRGENTEPE'),
(1947, 52, 'ÝKÝZCE'),
(1950, 52, 'KABADÜZ'),
(1951, 52, 'KABATAÞ'),
(1482, 52, 'KORGAN'),
(1493, 52, 'KUMRU'),
(1525, 52, 'MESUDÝYE'),
(1573, 52, 'PERÞEMBE'),
(1696, 52, 'ULUBEY'),
(1706, 52, 'ÜNYE'),
(1146, 53, 'ARDEÞEN'),
(1228, 53, 'ÇAMLIHEMÞÝN'),
(1241, 53, 'ÇAYELÝ'),
(1908, 53, 'DEREPAZARI'),
(1332, 53, 'FINDIKLI'),
(1796, 53, 'GÜNEYSU'),
(1943, 53, 'HEMÞÝN'),
(1405, 53, 'ÝKÝZDERE'),
(1949, 53, 'ÝYÝDERE'),
(1428, 53, 'KALKANDERE'),
(1586, 53, 'MERKEZ'),
(1569, 53, 'PAZAR'),
(2068, 54, 'ADAPAZARI'),
(1123, 54, 'AKYAZI'),
(2069, 54, 'ARÝFÝYE'),
(2070, 54, 'ERENLER'),
(1925, 54, 'FERÝZLÝ'),
(1351, 54, 'GEYVE'),
(1391, 54, 'HENDEK'),
(1955, 54, 'KARAPÜRÇEK'),
(1442, 54, 'KARASU'),
(1453, 54, 'KAYNARCA'),
(1818, 54, 'KOCAALÝ'),
(1833, 54, 'PAMUKOVA'),
(1595, 54, 'SAPANCA'),
(2071, 54, 'SERDÝVAN'),
(1986, 54, 'SÖÐÜTLÜ'),
(1847, 54, 'TARAKLI'),
(1125, 55, 'ALAÇAM'),
(1763, 55, 'ASARCIK'),
(2072, 55, 'ATAKUM'),
(1879, 55, 'AYVACIK'),
(1164, 55, 'BAFRA'),
(2073, 55, 'CANÝK'),
(1234, 55, 'ÇARÞAMBA'),
(1386, 55, 'HAVZA'),
(2074, 55, 'ÝLKADIM'),
(1452, 55, 'KAVAK'),
(1501, 55, 'LADÝK'),
(1838, 55, 'SALIPAZARI'),
(1849, 55, 'TEKKEKÖY'),
(1676, 55, 'TERME'),
(1712, 55, 'VEZÝRKÖPRÜ'),
(1993, 55, 'YAKAKENT'),
(1830, 55, '19 MAYIS'),
(1179, 56, 'BAYKAN'),
(1317, 56, 'ERUH'),
(1495, 56, 'KURTALAN'),
(1620, 56, 'MERKEZ'),
(1575, 56, 'PERVARÝ'),
(1662, 56, 'ÞÝRVAN'),
(1878, 56, 'TÝLLO'),
(1156, 57, 'AYANCIK'),
(1204, 57, 'BOYABAT'),
(1910, 57, 'DÝKMEN'),
(1290, 57, 'DURAÐAN'),
(1314, 57, 'ERFELEK'),
(1349, 57, 'GERZE'),
(1627, 57, 'MERKEZ'),
(1981, 57, 'SARAYDÜZÜ'),
(1693, 57, 'TÜRKELÝ'),
(1870, 58, 'AKINCILAR'),
(1875, 58, 'ALTINYAYLA'),
(1282, 58, 'DÝVRÝÐÝ'),
(1913, 58, 'DOÐANÞAR'),
(1342, 58, 'GEMEREK'),
(1927, 58, 'GÖLOVA'),
(1373, 58, 'GÜRÜN'),
(1376, 58, 'HAFÝK'),
(1407, 58, 'ÝMRANLI'),
(1431, 58, 'KANGAL'),
(1484, 58, 'KOYULHÝSAR'),
(1628, 58, 'MERKEZ'),
(1646, 58, 'SUÞEHRÝ'),
(1650, 58, 'ÞARKIÞLA'),
(1991, 58, 'ULAÞ'),
(1731, 58, 'YILDIZELÝ'),
(1738, 58, 'ZARA'),
(1250, 59, 'ÇERKEZKÖY'),
(1258, 59, 'ÇORLU'),
(2094, 59, 'ERGENE'),
(1388, 59, 'HAYRABOLU'),
(2095, 59, 'KAPAKLI'),
(1511, 59, 'MALKARA'),
(1825, 59, 'MARMARAEREÐLÝSÝ'),
(1538, 59, 'MURATLI'),
(1596, 59, 'SARAY'),
(2096, 59, 'SÜLEYMANPAÞA'),
(1652, 59, 'ÞARKÖY'),
(1129, 60, 'ALMUS'),
(1151, 60, 'ARTOVA'),
(1883, 60, 'BAÞÇÝFTLÝK'),
(1308, 60, 'ERBAA'),
(1679, 60, 'MERKEZ'),
(1545, 60, 'NÝKSAR'),
(1834, 60, 'PAZAR'),
(1584, 60, 'REÞADÝYE'),
(1987, 60, 'SULUSARAY'),
(1690, 60, 'TURHAL'),
(1858, 60, 'YEÞÝLYURT'),
(1740, 60, 'ZÝLE'),
(1113, 61, 'AKÇAABAT'),
(1141, 61, 'ARAKLI'),
(1150, 61, 'ARSÝN'),
(1775, 61, 'BEÞÝKDÜZÜ'),
(1896, 61, 'ÇARÞIBAÞI'),
(1244, 61, 'ÇAYKARA'),
(1909, 61, 'DERNEKPAZARI'),
(1917, 61, 'DÜZKÖY'),
(1942, 61, 'HAYRAT'),
(1966, 61, 'KÖPRÜBAÞI'),
(1507, 61, 'MAÇKA'),
(1548, 61, 'OF'),
(2097, 61, 'ORTAHÝSAR'),
(1647, 61, 'SÜRMENE'),
(1842, 61, 'ÞALPAZARI'),
(1681, 61, 'TONYA'),
(1709, 61, 'VAKFIKEBÝR'),
(1732, 61, 'YOMRA'),
(1247, 62, 'ÇEMÝÞGEZEK'),
(1397, 62, 'HOZAT'),
(1518, 62, 'MAZGÝRT'),
(1688, 62, 'MERKEZ'),
(1541, 62, 'NAZIMÝYE'),
(1562, 62, 'OVACIK'),
(1574, 62, 'PERTEK'),
(1581, 62, 'PÜLÜMÜR'),
(1115, 63, 'AKÇAKALE'),
(1194, 63, 'BÝRECÝK'),
(1209, 63, 'BOZOVA'),
(1220, 63, 'CEYLANPINAR'),
(2091, 63, 'EYYÜBÝYE'),
(1378, 63, 'HALFETÝ'),
(2092, 63, 'HALÝLÝYE'),
(1800, 63, 'HARRAN'),
(1393, 63, 'HÝLVAN'),
(2093, 63, 'KARAKÖPRÜ'),
(1630, 63, 'SÝVEREK'),
(1643, 63, 'SURUÇ'),
(1713, 63, 'VÝRANÞEHÝR'),
(1170, 64, 'BANAZ'),
(1323, 64, 'EÞME'),
(1436, 64, 'KARAHALLI'),
(1704, 64, 'MERKEZ'),
(1629, 64, 'SÝVASLI'),
(1697, 64, 'ULUBEY'),
(1770, 65, 'BAHÇESARAY'),
(1175, 65, 'BAÞKALE'),
(1786, 65, 'ÇALDIRAN'),
(1236, 65, 'ÇATAK'),
(1918, 65, 'EDREMÝT'),
(1309, 65, 'ERCÝÞ'),
(1350, 65, 'GEVAÞ'),
(1372, 65, 'GÜRPINAR'),
(2098, 65, 'ÝPEKYOLU'),
(1533, 65, 'MURADÝYE'),
(1565, 65, 'ÖZALP'),
(1980, 65, 'SARAY'),
(2099, 65, 'TUÞBA'),
(1117, 66, 'AKDAÐMADENÝ'),
(1877, 66, 'AYDINCIK'),
(1198, 66, 'BOÐAZLIYAN'),
(1895, 66, 'ÇANDIR'),
(1242, 66, 'ÇAYIRALAN'),
(1245, 66, 'ÇEKEREK'),
(1952, 66, 'KADIÞEHRÝ'),
(1733, 66, 'MERKEZ'),
(1982, 66, 'SARAYKENT'),
(1602, 66, 'SARIKAYA'),
(1635, 66, 'SORGUN'),
(1655, 66, 'ÞEFAATLÝ'),
(1998, 66, 'YENÝFAKILI'),
(1726, 66, 'YERKÖY'),
(1758, 67, 'ALAPLI'),
(1240, 67, 'ÇAYCUMA'),
(1276, 67, 'DEVREK'),
(1313, 67, 'EREÐLÝ'),
(1926, 67, 'GÖKÇEBEY'),
(2100, 67, 'KÝLÝMLÝ'),
(2101, 67, 'KOZLU'),
(1741, 67, 'MERKEZ'),
(1860, 68, 'AÐAÇÖREN'),
(1921, 68, 'ESKÝL'),
(1932, 68, 'GÜLAÐAÇ'),
(1861, 68, 'GÜZELYURT'),
(1120, 68, 'MERKEZ'),
(1557, 68, 'ORTAKÖY'),
(1866, 68, 'SARIYAHÞÝ'),
(2106, 68, 'SULTANHANI'),
(1767, 69, 'AYDINTEPE'),
(1788, 69, 'DEMÝRÖZÜ'),
(1176, 69, 'MERKEZ'),
(1768, 70, 'AYRANCI'),
(1884, 70, 'BAÞYAYLA'),
(1316, 70, 'ERMENEK'),
(1862, 70, 'KAZIMKARABEKÝR'),
(1439, 70, 'MERKEZ'),
(1983, 70, 'SARIVELÝLER'),
(1880, 71, 'BAHÞÝLÝ'),
(1882, 71, 'BALIÞEYH'),
(1901, 71, 'ÇELEBÝ'),
(1268, 71, 'DELÝCE'),
(1954, 71, 'KARAKEÇÝLÝ'),
(1463, 71, 'KESKÝN'),
(1469, 71, 'MERKEZ'),
(1638, 71, 'SULAKYURT'),
(1992, 71, 'YAHÞÝHAN'),
(1184, 72, 'BEÞÝRÝ'),
(1345, 72, 'GERCÜÞ'),
(1941, 72, 'HASANKEYF'),
(1487, 72, 'KOZLUK'),
(1174, 72, 'MERKEZ'),
(1607, 72, 'SASON'),
(1189, 73, 'BEYTÜÞÞEBAP'),
(1223, 73, 'CÝZRE'),
(1931, 73, 'GÜÇLÜKONAK'),
(1403, 73, 'ÝDÝL'),
(1661, 73, 'MERKEZ'),
(1623, 73, 'SÝLOPÝ'),
(1698, 73, 'ULUDERE'),
(1761, 74, 'AMASRA'),
(1496, 74, 'KURUCAÞÝLE'),
(1172, 74, 'MERKEZ'),
(1701, 74, 'ULUS'),
(1252, 75, 'ÇILDIR'),
(2008, 75, 'DAMAL'),
(1356, 75, 'GÖLE'),
(1380, 75, 'HANAK'),
(1144, 75, 'MERKEZ'),
(1579, 75, 'POSOF'),
(1142, 76, 'ARALIK'),
(2011, 76, 'KARAKOYUNLU'),
(1398, 76, 'MERKEZ'),
(1692, 76, 'TUZLUCA'),
(2019, 77, 'ALTINOVA'),
(2020, 77, 'ARMUTLU'),
(2021, 77, 'ÇINARCIK'),
(2022, 77, 'ÇÝFTLÝKKÖY'),
(1716, 77, 'MERKEZ'),
(2026, 77, 'TERMAL'),
(1296, 78, 'EFLANÝ'),
(1321, 78, 'ESKÝPAZAR'),
(1433, 78, 'MERKEZ'),
(1561, 78, 'OVACIK'),
(1587, 78, 'SAFRANBOLU'),
(1856, 78, 'YENÝCE'),
(2023, 79, 'ELBEYLÝ'),
(1476, 79, 'MERKEZ'),
(2024, 79, 'MUSABEYLÝ'),
(2025, 79, 'POLATELÝ'),
(1165, 80, 'BAHÇE'),
(1743, 80, 'DÜZÝÇÝ'),
(2027, 80, 'HASANBEYLÝ'),
(1423, 80, 'KADÝRLÝ'),
(1560, 80, 'MERKEZ'),
(2028, 80, 'SUMBAS'),
(2029, 80, 'TOPRAKKALE'),
(1116, 81, 'AKÇAKOCA'),
(1784, 81, 'CUMAYERÝ'),
(1905, 81, 'ÇÝLÝMLÝ'),
(1794, 81, 'GÖLYAKA'),
(2017, 81, 'GÜMÜÞOVA'),
(2031, 81, 'KAYNAÞLI'),
(1292, 81, 'MERKEZ'),
(1730, 81, 'YIÐILCA')